post_id,post_link
71339054219_328196367252809,https://www.facebook.com/71339054219/posts/328196367252809
71339054219_328259207269862,https://www.facebook.com/71339054219/posts/328259207269862
71339054219_328819107166193,https://www.facebook.com/71339054219/posts/328819107166193
71339054219_329253390466060,https://www.facebook.com/71339054219/posts/329253390466060
71339054219_329381637115019,https://www.facebook.com/71339054219/posts/329381637115019
71339054219_329397843808554,https://www.facebook.com/71339054219/posts/329397843808554
71339054219_329533690467733,https://www.facebook.com/71339054219/posts/329533690467733
71339054219_330053887085040,https://www.facebook.com/71339054219/posts/330053887085040
71339054219_330363933728016,https://www.facebook.com/71339054219/posts/330363933728016
71339054219_331034991042,https://www.facebook.com/71339054219/posts/331034991042
71339054219_331105862924,https://www.facebook.com/71339054219/posts/331105862924
71339054219_331266266986142,https://www.facebook.com/71339054219/posts/331266266986142
71339054219_331267166985626,https://www.facebook.com/71339054219/posts/331267166985626
71339054219_331309279325,https://www.facebook.com/71339054219/posts/331309279325
71339054219_331434123067,https://www.facebook.com/71339054219/posts/331434123067
71339054219_331483143579591,https://www.facebook.com/71339054219/posts/331483143579591
71339054219_331500083592346,https://www.facebook.com/71339054219/posts/331500083592346
71339054219_331594633582225,https://www.facebook.com/71339054219/posts/331594633582225
71339054219_331793148632,https://www.facebook.com/71339054219/posts/331793148632
71339054219_332042283487771,https://www.facebook.com/71339054219/posts/332042283487771
71339054219_332521836809410,https://www.facebook.com/71339054219/posts/332521836809410
71339054219_332778022807,https://www.facebook.com/71339054219/posts/332778022807
71339054219_332783150144902,https://www.facebook.com/71339054219/posts/332783150144902
71339054219_332993453461629,https://www.facebook.com/71339054219/posts/332993453461629
71339054219_332998253440129,https://www.facebook.com/71339054219/posts/332998253440129
71339054219_333002046791230,https://www.facebook.com/71339054219/posts/333002046791230
71339054219_333125386775619,https://www.facebook.com/71339054219/posts/333125386775619
71339054219_333186766692527,https://www.facebook.com/71339054219/posts/333186766692527
71339054219_333290496727361,https://www.facebook.com/71339054219/posts/333290496727361
71339054219_333386390012935,https://www.facebook.com/71339054219/posts/333386390012935
71339054219_333942981351,https://www.facebook.com/71339054219/posts/333942981351
71339054219_334167613270803,https://www.facebook.com/71339054219/posts/334167613270803
71339054219_334331839934014,https://www.facebook.com/71339054219/posts/334331839934014
71339054219_334345016587176,https://www.facebook.com/71339054219/posts/334345016587176
71339054219_334349314860,https://www.facebook.com/71339054219/posts/334349314860
71339054219_334487926631934,https://www.facebook.com/71339054219/posts/334487926631934
71339054219_334726166601219,https://www.facebook.com/71339054219/posts/334726166601219
71339054219_334789229871962,https://www.facebook.com/71339054219/posts/334789229871962
71339054219_334857346843,https://www.facebook.com/71339054219/posts/334857346843
71339054219_334875794653,https://www.facebook.com/71339054219/posts/334875794653
71339054219_335085869896777,https://www.facebook.com/71339054219/posts/335085869896777
71339054219_335305666549744,https://www.facebook.com/71339054219/posts/335305666549744
71339054219_335323983146763,https://www.facebook.com/71339054219/posts/335323983146763
71339054219_335531153157564,https://www.facebook.com/71339054219/posts/335531153157564
71339054219_335706606520041,https://www.facebook.com/71339054219/posts/335706606520041
71339054219_335761723127991,https://www.facebook.com/71339054219/posts/335761723127991
71339054219_335771749784347,https://www.facebook.com/71339054219/posts/335771749784347
71339054219_335819023166842,https://www.facebook.com/71339054219/posts/335819023166842
71339054219_335900149832777,https://www.facebook.com/71339054219/posts/335900149832777
71339054219_336160426853,https://www.facebook.com/71339054219/posts/336160426853
71339054219_336164306421,https://www.facebook.com/71339054219/posts/336164306421
71339054219_336206243095003,https://www.facebook.com/71339054219/posts/336206243095003
71339054219_336250463072900,https://www.facebook.com/71339054219/posts/336250463072900
71339054219_336484476464498,https://www.facebook.com/71339054219/posts/336484476464498
71339054219_336613249700297,https://www.facebook.com/71339054219/posts/336613249700297
71339054219_336881973051703,https://www.facebook.com/71339054219/posts/336881973051703
71339054219_336935212994191,https://www.facebook.com/71339054219/posts/336935212994191
71339054219_337139123035248,https://www.facebook.com/71339054219/posts/337139123035248
71339054219_337748101955,https://www.facebook.com/71339054219/posts/337748101955
71339054219_337853586543,https://www.facebook.com/71339054219/posts/337853586543
71339054219_337863429633554,https://www.facebook.com/71339054219/posts/337863429633554
71339054219_338308379587950,https://www.facebook.com/71339054219/posts/338308379587950
71339054219_338319236228771,https://www.facebook.com/71339054219/posts/338319236228771
71339054219_338877782304,https://www.facebook.com/71339054219/posts/338877782304
71339054219_338918542854515,https://www.facebook.com/71339054219/posts/338918542854515
71339054219_338990248296,https://www.facebook.com/71339054219/posts/338990248296
71339054219_339373576086944,https://www.facebook.com/71339054219/posts/339373576086944
71339054219_339945339426463,https://www.facebook.com/71339054219/posts/339945339426463
71339054219_340216982681295,https://www.facebook.com/71339054219/posts/340216982681295
71339054219_340334906043452,https://www.facebook.com/71339054219/posts/340334906043452
71339054219_340573492697098,https://www.facebook.com/71339054219/posts/340573492697098
71339054219_340682296527,https://www.facebook.com/71339054219/posts/340682296527
71339054219_340769949563,https://www.facebook.com/71339054219/posts/340769949563
71339054219_341397699206210,https://www.facebook.com/71339054219/posts/341397699206210
71339054219_341760908853,https://www.facebook.com/71339054219/posts/341760908853
71339054219_341956469223955,https://www.facebook.com/71339054219/posts/341956469223955
71339054219_342029049220458,https://www.facebook.com/71339054219/posts/342029049220458
71339054219_342100649153534,https://www.facebook.com/71339054219/posts/342100649153534
71339054219_342108233800,https://www.facebook.com/71339054219/posts/342108233800
71339054219_342361005846289,https://www.facebook.com/71339054219/posts/342361005846289
71339054219_342389775788988,https://www.facebook.com/71339054219/posts/342389775788988
71339054219_342413382517949,https://www.facebook.com/71339054219/posts/342413382517949
71339054219_342606362443326,https://www.facebook.com/71339054219/posts/342606362443326
71339054219_342656322420942,https://www.facebook.com/71339054219/posts/342656322420942
71339054219_342797410271,https://www.facebook.com/71339054219/posts/342797410271
71339054219_342967259815,https://www.facebook.com/71339054219/posts/342967259815
71339054219_342985279123798,https://www.facebook.com/71339054219/posts/342985279123798
71339054219_343404779039722,https://www.facebook.com/71339054219/posts/343404779039722
71339054219_343850735731315,https://www.facebook.com/71339054219/posts/343850735731315
71339054219_344122025606903,https://www.facebook.com/71339054219/posts/344122025606903
71339054219_344181975636892,https://www.facebook.com/71339054219/posts/344181975636892
71339054219_344205572328155,https://www.facebook.com/71339054219/posts/344205572328155
71339054219_344266832286623,https://www.facebook.com/71339054219/posts/344266832286623
71339054219_344473105596972,https://www.facebook.com/71339054219/posts/344473105596972
71339054219_344724242230744,https://www.facebook.com/71339054219/posts/344724242230744
71339054219_345042342242247,https://www.facebook.com/71339054219/posts/345042342242247
71339054219_345162157398,https://www.facebook.com/71339054219/posts/345162157398
71339054219_345191045523921,https://www.facebook.com/71339054219/posts/345191045523921
71339054219_345821042098783,https://www.facebook.com/71339054219/posts/345821042098783
71339054219_345850152097439,https://www.facebook.com/71339054219/posts/345850152097439
71339054219_346071735491685,https://www.facebook.com/71339054219/posts/346071735491685
71339054219_346342752083926,https://www.facebook.com/71339054219/posts/346342752083926
71339054219_346373322077241,https://www.facebook.com/71339054219/posts/346373322077241
71339054219_346391015451150,https://www.facebook.com/71339054219/posts/346391015451150
71339054219_346471185420652,https://www.facebook.com/71339054219/posts/346471185420652
71339054219_346500388758979,https://www.facebook.com/71339054219/posts/346500388758979
71339054219_347062955333206,https://www.facebook.com/71339054219/posts/347062955333206
71339054219_347486091820,https://www.facebook.com/71339054219/posts/347486091820
71339054219_347659602994,https://www.facebook.com/71339054219/posts/347659602994
71339054219_347759121953367,https://www.facebook.com/71339054219/posts/347759121953367
71339054219_347990718611542,https://www.facebook.com/71339054219/posts/347990718611542
71339054219_348332748513930,https://www.facebook.com/71339054219/posts/348332748513930
71339054219_348465161833413,https://www.facebook.com/71339054219/posts/348465161833413
71339054219_348606018548889,https://www.facebook.com/71339054219/posts/348606018548889
71339054219_349082598444008,https://www.facebook.com/71339054219/posts/349082598444008
71339054219_349474350832,https://www.facebook.com/71339054219/posts/349474350832
71339054219_349562376941,https://www.facebook.com/71339054219/posts/349562376941
71339054219_349856381747914,https://www.facebook.com/71339054219/posts/349856381747914
71339054219_349856401697238,https://www.facebook.com/71339054219/posts/349856401697238
71339054219_349879311776541,https://www.facebook.com/71339054219/posts/349879311776541
71339054219_350055343457,https://www.facebook.com/71339054219/posts/350055343457
71339054219_350621145002186,https://www.facebook.com/71339054219/posts/350621145002186
71339054219_350699051674858,https://www.facebook.com/71339054219/posts/350699051674858
71339054219_351182644970008,https://www.facebook.com/71339054219/posts/351182644970008
71339054219_351276503223,https://www.facebook.com/71339054219/posts/351276503223
71339054219_351419378208834,https://www.facebook.com/71339054219/posts/351419378208834
71339054219_351898894898804,https://www.facebook.com/71339054219/posts/351898894898804
71339054219_352028468166638,https://www.facebook.com/71339054219/posts/352028468166638
71339054219_352401584875622,https://www.facebook.com/71339054219/posts/352401584875622
71339054219_352762744796820,https://www.facebook.com/71339054219/posts/352762744796820
71339054219_352802594742548,https://www.facebook.com/71339054219/posts/352802594742548
71339054219_352971785063,https://www.facebook.com/71339054219/posts/352971785063
71339054219_353127610451,https://www.facebook.com/71339054219/posts/353127610451
71339054219_353795976322,https://www.facebook.com/71339054219/posts/353795976322
71339054219_353875848070,https://www.facebook.com/71339054219/posts/353875848070
71339054219_354225594611148,https://www.facebook.com/71339054219/posts/354225594611148
71339054219_355006091246337,https://www.facebook.com/71339054219/posts/355006091246337
71339054219_355520074477549,https://www.facebook.com/71339054219/posts/355520074477549
71339054219_356097577768965,https://www.facebook.com/71339054219/posts/356097577768965
71339054219_356199264419665,https://www.facebook.com/71339054219/posts/356199264419665
71339054219_356320614441455,https://www.facebook.com/71339054219/posts/356320614441455
71339054219_356355581112608,https://www.facebook.com/71339054219/posts/356355581112608
71339054219_356381567596,https://www.facebook.com/71339054219/posts/356381567596
71339054219_356421663021,https://www.facebook.com/71339054219/posts/356421663021
71339054219_357048437709870,https://www.facebook.com/71339054219/posts/357048437709870
71339054219_357157494317029,https://www.facebook.com/71339054219/posts/357157494317029
71339054219_357427977612417,https://www.facebook.com/71339054219/posts/357427977612417
71339054219_357434127657137,https://www.facebook.com/71339054219/posts/357434127657137
71339054219_357460737637010,https://www.facebook.com/71339054219/posts/357460737637010
71339054219_357816737583762,https://www.facebook.com/71339054219/posts/357816737583762
71339054219_358026770942411,https://www.facebook.com/71339054219/posts/358026770942411
71339054219_358101327569346,https://www.facebook.com/71339054219/posts/358101327569346
71339054219_358208170900984,https://www.facebook.com/71339054219/posts/358208170900984
71339054219_358302530886137,https://www.facebook.com/71339054219/posts/358302530886137
71339054219_358475534167188,https://www.facebook.com/71339054219/posts/358475534167188
71339054219_358924867522468,https://www.facebook.com/71339054219/posts/358924867522468
71339054219_359175894569,https://www.facebook.com/71339054219/posts/359175894569
71339054219_359311354119860,https://www.facebook.com/71339054219/posts/359311354119860
71339054219_359526887485007,https://www.facebook.com/71339054219/posts/359526887485007
71339054219_359873324054425,https://www.facebook.com/71339054219/posts/359873324054425
71339054219_360009904053797,https://www.facebook.com/71339054219/posts/360009904053797
71339054219_360937521113,https://www.facebook.com/71339054219/posts/360937521113
71339054219_360963573947096,https://www.facebook.com/71339054219/posts/360963573947096
71339054219_361205227244387,https://www.facebook.com/71339054219/posts/361205227244387
71339054219_361756514600,https://www.facebook.com/71339054219/posts/361756514600
71339054219_361804433851633,https://www.facebook.com/71339054219/posts/361804433851633
71339054219_361869757171794,https://www.facebook.com/71339054219/posts/361869757171794
71339054219_362220557191221,https://www.facebook.com/71339054219/posts/362220557191221
71339054219_362814730455101,https://www.facebook.com/71339054219/posts/362814730455101
71339054219_363241075195,https://www.facebook.com/71339054219/posts/363241075195
71339054219_363342237039140,https://www.facebook.com/71339054219/posts/363342237039140
71339054219_363438880414316,https://www.facebook.com/71339054219/posts/363438880414316
71339054219_363635793693754,https://www.facebook.com/71339054219/posts/363635793693754
71339054219_363882932844,https://www.facebook.com/71339054219/posts/363882932844
71339054219_363982056967378,https://www.facebook.com/71339054219/posts/363982056967378
71339054219_364206710298327,https://www.facebook.com/71339054219/posts/364206710298327
71339054219_364547210256812,https://www.facebook.com/71339054219/posts/364547210256812
71339054219_364635443561604,https://www.facebook.com/71339054219/posts/364635443561604
71339054219_364715166914785,https://www.facebook.com/71339054219/posts/364715166914785
71339054219_364727450239545,https://www.facebook.com/71339054219/posts/364727450239545
71339054219_365180337679,https://www.facebook.com/71339054219/posts/365180337679
71339054219_365715900105356,https://www.facebook.com/71339054219/posts/365715900105356
71339054219_366117003460294,https://www.facebook.com/71339054219/posts/366117003460294
71339054219_366170630119306,https://www.facebook.com/71339054219/posts/366170630119306
71339054219_366418970045252,https://www.facebook.com/71339054219/posts/366418970045252
71339054219_366646519580,https://www.facebook.com/71339054219/posts/366646519580
71339054219_366657683418874,https://www.facebook.com/71339054219/posts/366657683418874
71339054219_366876946664431,https://www.facebook.com/71339054219/posts/366876946664431
71339054219_367138190028738,https://www.facebook.com/71339054219/posts/367138190028738
71339054219_367515665876,https://www.facebook.com/71339054219/posts/367515665876
71339054219_367542429094,https://www.facebook.com/71339054219/posts/367542429094
71339054219_367641918374,https://www.facebook.com/71339054219/posts/367641918374
71339054219_367730573314448,https://www.facebook.com/71339054219/posts/367730573314448
71339054219_367804565063,https://www.facebook.com/71339054219/posts/367804565063
71339054219_368040743273185,https://www.facebook.com/71339054219/posts/368040743273185
71339054219_368393493208880,https://www.facebook.com/71339054219/posts/368393493208880
71339054219_368635425762,https://www.facebook.com/71339054219/posts/368635425762
71339054219_368913453177144,https://www.facebook.com/71339054219/posts/368913453177144
71339054219_369542579753130,https://www.facebook.com/71339054219/posts/369542579753130
71339054219_370239675484,https://www.facebook.com/71339054219/posts/370239675484
71339054219_370629476309731,https://www.facebook.com/71339054219/posts/370629476309731
71339054219_370729216325983,https://www.facebook.com/71339054219/posts/370729216325983
71339054219_371050816860,https://www.facebook.com/71339054219/posts/371050816860
71339054219_371439762927783,https://www.facebook.com/71339054219/posts/371439762927783
71339054219_371636542855342,https://www.facebook.com/71339054219/posts/371636542855342
71339054219_371896626202925,https://www.facebook.com/71339054219/posts/371896626202925
71339054219_372205503952,https://www.facebook.com/71339054219/posts/372205503952
71339054219_372523059819,https://www.facebook.com/71339054219/posts/372523059819
71339054219_372661129431240,https://www.facebook.com/71339054219/posts/372661129431240
71339054219_372999571263,https://www.facebook.com/71339054219/posts/372999571263
71339054219_373221546981,https://www.facebook.com/71339054219/posts/373221546981
71339054219_374171565938353,https://www.facebook.com/71339054219/posts/374171565938353
71339054219_374224935951164,https://www.facebook.com/71339054219/posts/374224935951164
71339054219_374237172619574,https://www.facebook.com/71339054219/posts/374237172619574
71339054219_374284263922,https://www.facebook.com/71339054219/posts/374284263922
71339054219_374478349288714,https://www.facebook.com/71339054219/posts/374478349288714
71339054219_374822179198798,https://www.facebook.com/71339054219/posts/374822179198798
71339054219_374948258303,https://www.facebook.com/71339054219/posts/374948258303
71339054219_375639832495435,https://www.facebook.com/71339054219/posts/375639832495435
71339054219_375642205851807,https://www.facebook.com/71339054219/posts/375642205851807
71339054219_375786363597,https://www.facebook.com/71339054219/posts/375786363597
71339054219_375881752473986,https://www.facebook.com/71339054219/posts/375881752473986
71339054219_376415205704954,https://www.facebook.com/71339054219/posts/376415205704954
71339054219_376434343406,https://www.facebook.com/71339054219/posts/376434343406
71339054219_376628043073,https://www.facebook.com/71339054219/posts/376628043073
71339054219_376962692351235,https://www.facebook.com/71339054219/posts/376962692351235
71339054219_377209075660465,https://www.facebook.com/71339054219/posts/377209075660465
71339054219_377262318998663,https://www.facebook.com/71339054219/posts/377262318998663
71339054219_377326865655917,https://www.facebook.com/71339054219/posts/377326865655917
71339054219_377688978969681,https://www.facebook.com/71339054219/posts/377688978969681
71339054219_378381305519504,https://www.facebook.com/71339054219/posts/378381305519504
71339054219_378424761062,https://www.facebook.com/71339054219/posts/378424761062
71339054219_378717798856860,https://www.facebook.com/71339054219/posts/378717798856860
71339054219_378792175476670,https://www.facebook.com/71339054219/posts/378792175476670
71339054219_378996902144073,https://www.facebook.com/71339054219/posts/378996902144073
71339054219_379021092164865,https://www.facebook.com/71339054219/posts/379021092164865
71339054219_380065648696445,https://www.facebook.com/71339054219/posts/380065648696445
71339054219_380759415301293,https://www.facebook.com/71339054219/posts/380759415301293
71339054219_380867315321475,https://www.facebook.com/71339054219/posts/380867315321475
71339054219_382110725170486,https://www.facebook.com/71339054219/posts/382110725170486
71339054219_382189378489640,https://www.facebook.com/71339054219/posts/382189378489640
71339054219_382458535155236,https://www.facebook.com/71339054219/posts/382458535155236
71339054219_382498535165579,https://www.facebook.com/71339054219/posts/382498535165579
71339054219_382553461824561,https://www.facebook.com/71339054219/posts/382553461824561
71339054219_383312985026235,https://www.facebook.com/71339054219/posts/383312985026235
71339054219_383358395035872,https://www.facebook.com/71339054219/posts/383358395035872
71339054219_383407590218,https://www.facebook.com/71339054219/posts/383407590218
71339054219_384458141622107,https://www.facebook.com/71339054219/posts/384458141622107
71339054219_384546824911189,https://www.facebook.com/71339054219/posts/384546824911189
71339054219_385006941565134,https://www.facebook.com/71339054219/posts/385006941565134
71339054219_385015724897486,https://www.facebook.com/71339054219/posts/385015724897486
71339054219_385327734368,https://www.facebook.com/71339054219/posts/385327734368
71339054219_385626361515916,https://www.facebook.com/71339054219/posts/385626361515916
71339054219_385894868158488,https://www.facebook.com/71339054219/posts/385894868158488
71339054219_386257084726088,https://www.facebook.com/71339054219/posts/386257084726088
71339054219_386657217512,https://www.facebook.com/71339054219/posts/386657217512
71339054219_387035664702780,https://www.facebook.com/71339054219/posts/387035664702780
71339054219_387451591301330,https://www.facebook.com/71339054219/posts/387451591301330
71339054219_387907103063,https://www.facebook.com/71339054219/posts/387907103063
71339054219_388390184559127,https://www.facebook.com/71339054219/posts/388390184559127
71339054219_388443187870025,https://www.facebook.com/71339054219/posts/388443187870025
71339054219_389162861166286,https://www.facebook.com/71339054219/posts/389162861166286
71339054219_389672537729746,https://www.facebook.com/71339054219/posts/389672537729746
71339054219_390130837674331,https://www.facebook.com/71339054219/posts/390130837674331
71339054219_390338700850,https://www.facebook.com/71339054219/posts/390338700850
71339054219_391260067582311,https://www.facebook.com/71339054219/posts/391260067582311
71339054219_391646060860545,https://www.facebook.com/71339054219/posts/391646060860545
71339054219_391829681012,https://www.facebook.com/71339054219/posts/391829681012
71339054219_392023577536863,https://www.facebook.com/71339054219/posts/392023577536863
71339054219_392031635791,https://www.facebook.com/71339054219/posts/392031635791
71339054219_392761757462185,https://www.facebook.com/71339054219/posts/392761757462185
71339054219_392769577450741,https://www.facebook.com/71339054219/posts/392769577450741
71339054219_392836540744138,https://www.facebook.com/71339054219/posts/392836540744138
71339054219_393314910728997,https://www.facebook.com/71339054219/posts/393314910728997
71339054219_393998920633723,https://www.facebook.com/71339054219/posts/393998920633723
71339054219_394083803973721,https://www.facebook.com/71339054219/posts/394083803973721
71339054219_394454433941009,https://www.facebook.com/71339054219/posts/394454433941009
71339054219_394687347210835,https://www.facebook.com/71339054219/posts/394687347210835
71339054219_394700447215350,https://www.facebook.com/71339054219/posts/394700447215350
71339054219_394761270535156,https://www.facebook.com/71339054219/posts/394761270535156
71339054219_394864820549386,https://www.facebook.com/71339054219/posts/394864820549386
71339054219_395409767136738,https://www.facebook.com/71339054219/posts/395409767136738
71339054219_395411090476,https://www.facebook.com/71339054219/posts/395411090476
71339054219_395941650445311,https://www.facebook.com/71339054219/posts/395941650445311
71339054219_396257145294,https://www.facebook.com/71339054219/posts/396257145294
71339054219_396316917083263,https://www.facebook.com/71339054219/posts/396316917083263
71339054219_396875563722166,https://www.facebook.com/71339054219/posts/396875563722166
71339054219_396959473686144,https://www.facebook.com/71339054219/posts/396959473686144
71339054219_397644003632722,https://www.facebook.com/71339054219/posts/397644003632722
71339054219_398033026916905,https://www.facebook.com/71339054219/posts/398033026916905
71339054219_398036720271555,https://www.facebook.com/71339054219/posts/398036720271555
71339054219_398094903576744,https://www.facebook.com/71339054219/posts/398094903576744
71339054219_398226720277,https://www.facebook.com/71339054219/posts/398226720277
71339054219_399012006775889,https://www.facebook.com/71339054219/posts/399012006775889
71339054219_399271433452700,https://www.facebook.com/71339054219/posts/399271433452700
71339054219_399526580088968,https://www.facebook.com/71339054219/posts/399526580088968
71339054219_399609706748750,https://www.facebook.com/71339054219/posts/399609706748750
71339054219_399699103401582,https://www.facebook.com/71339054219/posts/399699103401582
71339054219_400311110005288,https://www.facebook.com/71339054219/posts/400311110005288
71339054219_400649290005711,https://www.facebook.com/71339054219/posts/400649290005711
71339054219_401023493314663,https://www.facebook.com/71339054219/posts/401023493314663
71339054219_401200443225239,https://www.facebook.com/71339054219/posts/401200443225239
71339054219_401209249891014,https://www.facebook.com/71339054219/posts/401209249891014
71339054219_401496823232362,https://www.facebook.com/71339054219/posts/401496823232362
71339054219_401570456564641,https://www.facebook.com/71339054219/posts/401570456564641
71339054219_401869616492372,https://www.facebook.com/71339054219/posts/401869616492372
71339054219_403019543083405,https://www.facebook.com/71339054219/posts/403019543083405
71339054219_403193430579,https://www.facebook.com/71339054219/posts/403193430579
71339054219_403425455850,https://www.facebook.com/71339054219/posts/403425455850
71339054219_403606976338817,https://www.facebook.com/71339054219/posts/403606976338817
71339054219_403838862976564,https://www.facebook.com/71339054219/posts/403838862976564
71339054219_403874469654812,https://www.facebook.com/71339054219/posts/403874469654812
71339054219_404109666285617,https://www.facebook.com/71339054219/posts/404109666285617
71339054219_404646426257533,https://www.facebook.com/71339054219/posts/404646426257533
71339054219_405194306209821,https://www.facebook.com/71339054219/posts/405194306209821
71339054219_405356649543130,https://www.facebook.com/71339054219/posts/405356649543130
71339054219_405631026145550,https://www.facebook.com/71339054219/posts/405631026145550
71339054219_405940979467830,https://www.facebook.com/71339054219/posts/405940979467830
71339054219_405979396092254,https://www.facebook.com/71339054219/posts/405979396092254
71339054219_406039016134807,https://www.facebook.com/71339054219/posts/406039016134807
71339054219_406042182792910,https://www.facebook.com/71339054219/posts/406042182792910
71339054219_406210492748320,https://www.facebook.com/71339054219/posts/406210492748320
71339054219_406383709405545,https://www.facebook.com/71339054219/posts/406383709405545
71339054219_406707266022704,https://www.facebook.com/71339054219/posts/406707266022704
71339054219_406821817743,https://www.facebook.com/71339054219/posts/406821817743
71339054219_407179401328,https://www.facebook.com/71339054219/posts/407179401328
71339054219_408038965903209,https://www.facebook.com/71339054219/posts/408038965903209
71339054219_408764395847014,https://www.facebook.com/71339054219/posts/408764395847014
71339054219_408888969167284,https://www.facebook.com/71339054219/posts/408888969167284
71339054219_409199505802225,https://www.facebook.com/71339054219/posts/409199505802225
71339054219_409733439044096,https://www.facebook.com/71339054219/posts/409733439044096
71339054219_410606835651730,https://www.facebook.com/71339054219/posts/410606835651730
71339054219_410784282296702,https://www.facebook.com/71339054219/posts/410784282296702
71339054219_410814085612715,https://www.facebook.com/71339054219/posts/410814085612715
71339054219_410874528931020,https://www.facebook.com/71339054219/posts/410874528931020
71339054219_411135660093,https://www.facebook.com/71339054219/posts/411135660093
71339054219_411302495616368,https://www.facebook.com/71339054219/posts/411302495616368
71339054219_411592438895941,https://www.facebook.com/71339054219/posts/411592438895941
71339054219_411779868848217,https://www.facebook.com/71339054219/posts/411779868848217
71339054219_412408558799880,https://www.facebook.com/71339054219/posts/412408558799880
71339054219_412410405466722,https://www.facebook.com/71339054219/posts/412410405466722
71339054219_413332882072831,https://www.facebook.com/71339054219/posts/413332882072831
71339054219_413365978680723,https://www.facebook.com/71339054219/posts/413365978680723
71339054219_413500465362565,https://www.facebook.com/71339054219/posts/413500465362565
71339054219_413688455360638,https://www.facebook.com/71339054219/posts/413688455360638
71339054219_414138911942199,https://www.facebook.com/71339054219/posts/414138911942199
71339054219_414143771982576,https://www.facebook.com/71339054219/posts/414143771982576
71339054219_414146215297555,https://www.facebook.com/71339054219/posts/414146215297555
71339054219_414312771991318,https://www.facebook.com/71339054219/posts/414312771991318
71339054219_414610658599693,https://www.facebook.com/71339054219/posts/414610658599693
71339054219_415457265140217,https://www.facebook.com/71339054219/posts/415457265140217
71339054219_415851128439394,https://www.facebook.com/71339054219/posts/415851128439394
71339054219_415876898432532,https://www.facebook.com/71339054219/posts/415876898432532
71339054219_416070691772562,https://www.facebook.com/71339054219/posts/416070691772562
71339054219_416413838397320,https://www.facebook.com/71339054219/posts/416413838397320
71339054219_416802925007876,https://www.facebook.com/71339054219/posts/416802925007876
71339054219_416987105003862,https://www.facebook.com/71339054219/posts/416987105003862
71339054219_417135271633484,https://www.facebook.com/71339054219/posts/417135271633484
71339054219_417318734981402,https://www.facebook.com/71339054219/posts/417318734981402
71339054219_417599248281430,https://www.facebook.com/71339054219/posts/417599248281430
71339054219_417662594942762,https://www.facebook.com/71339054219/posts/417662594942762
71339054219_417942198256287,https://www.facebook.com/71339054219/posts/417942198256287
71339054219_418435258192472,https://www.facebook.com/71339054219/posts/418435258192472
71339054219_419191378103491,https://www.facebook.com/71339054219/posts/419191378103491
71339054219_419201748119431,https://www.facebook.com/71339054219/posts/419201748119431
71339054219_419203504776416,https://www.facebook.com/71339054219/posts/419203504776416
71339054219_419810888060774,https://www.facebook.com/71339054219/posts/419810888060774
71339054219_420255258026833,https://www.facebook.com/71339054219/posts/420255258026833
71339054219_420494611303503,https://www.facebook.com/71339054219/posts/420494611303503
71339054219_420579874625001,https://www.facebook.com/71339054219/posts/420579874625001
71339054219_421186784640479,https://www.facebook.com/71339054219/posts/421186784640479
71339054219_422248761144199,https://www.facebook.com/71339054219/posts/422248761144199
71339054219_422531061109864,https://www.facebook.com/71339054219/posts/422531061109864
71339054219_422674334460001,https://www.facebook.com/71339054219/posts/422674334460001
71339054219_424114774270709,https://www.facebook.com/71339054219/posts/424114774270709
71339054219_425001184187638,https://www.facebook.com/71339054219/posts/425001184187638
71339054219_425203360834075,https://www.facebook.com/71339054219/posts/425203360834075
71339054219_425382875503,https://www.facebook.com/71339054219/posts/425382875503
71339054219_425793380243,https://www.facebook.com/71339054219/posts/425793380243
71339054219_426752497416549,https://www.facebook.com/71339054219/posts/426752497416549
71339054219_427237257319730,https://www.facebook.com/71339054219/posts/427237257319730
71339054219_427374643971145,https://www.facebook.com/71339054219/posts/427374643971145
71339054219_427452533981528,https://www.facebook.com/71339054219/posts/427452533981528
71339054219_428482713863289,https://www.facebook.com/71339054219/posts/428482713863289
71339054219_428687700531412,https://www.facebook.com/71339054219/posts/428687700531412
71339054219_428697370503557,https://www.facebook.com/71339054219/posts/428697370503557
71339054219_428999760469483,https://www.facebook.com/71339054219/posts/428999760469483
71339054219_429565827055731,https://www.facebook.com/71339054219/posts/429565827055731
71339054219_429764860441486,https://www.facebook.com/71339054219/posts/429764860441486
71339054219_429865307049781,https://www.facebook.com/71339054219/posts/429865307049781
71339054219_430027120350488,https://www.facebook.com/71339054219/posts/430027120350488
71339054219_430841626992794,https://www.facebook.com/71339054219/posts/430841626992794
71339054219_432119180139008,https://www.facebook.com/71339054219/posts/432119180139008
71339054219_432283956797771,https://www.facebook.com/71339054219/posts/432283956797771
71339054219_432290090155573,https://www.facebook.com/71339054219/posts/432290090155573
71339054219_432537350113997,https://www.facebook.com/71339054219/posts/432537350113997
71339054219_432707816791928,https://www.facebook.com/71339054219/posts/432707816791928
71339054219_432820493425433,https://www.facebook.com/71339054219/posts/432820493425433
71339054219_432852530064202,https://www.facebook.com/71339054219/posts/432852530064202
71339054219_433028806747212,https://www.facebook.com/71339054219/posts/433028806747212
71339054219_433109680068110,https://www.facebook.com/71339054219/posts/433109680068110
71339054219_434016019950837,https://www.facebook.com/71339054219/posts/434016019950837
71339054219_434931529860467,https://www.facebook.com/71339054219/posts/434931529860467
71339054219_435866693121651,https://www.facebook.com/71339054219/posts/435866693121651
71339054219_436865579692423,https://www.facebook.com/71339054219/posts/436865579692423
71339054219_437277236302690,https://www.facebook.com/71339054219/posts/437277236302690
71339054219_437363143004378,https://www.facebook.com/71339054219/posts/437363143004378
71339054219_437449639608063,https://www.facebook.com/71339054219/posts/437449639608063
71339054219_437455949639525,https://www.facebook.com/71339054219/posts/437455949639525
71339054219_437689426319952,https://www.facebook.com/71339054219/posts/437689426319952
71339054219_437899236269443,https://www.facebook.com/71339054219/posts/437899236269443
71339054219_438631462861701,https://www.facebook.com/71339054219/posts/438631462861701
71339054219_438716549488637,https://www.facebook.com/71339054219/posts/438716549488637
71339054219_439870632717200,https://www.facebook.com/71339054219/posts/439870632717200
71339054219_440655955969931,https://www.facebook.com/71339054219/posts/440655955969931
71339054219_441008755940059,https://www.facebook.com/71339054219/posts/441008755940059
71339054219_441284749227932,https://www.facebook.com/71339054219/posts/441284749227932
71339054219_442505315783068,https://www.facebook.com/71339054219/posts/442505315783068
71339054219_442920749079334,https://www.facebook.com/71339054219/posts/442920749079334
71339054219_443509442345810,https://www.facebook.com/71339054219/posts/443509442345810
71339054219_443515709033423,https://www.facebook.com/71339054219/posts/443515709033423
71339054219_443808932309296,https://www.facebook.com/71339054219/posts/443808932309296
71339054219_444120348960511,https://www.facebook.com/71339054219/posts/444120348960511
71339054219_444144362296355,https://www.facebook.com/71339054219/posts/444144362296355
71339054219_444227535601856,https://www.facebook.com/71339054219/posts/444227535601856
71339054219_444549730514,https://www.facebook.com/71339054219/posts/444549730514
71339054219_445748775448417,https://www.facebook.com/71339054219/posts/445748775448417
71339054219_446058812082333,https://www.facebook.com/71339054219/posts/446058812082333
71339054219_446535792045585,https://www.facebook.com/71339054219/posts/446535792045585
71339054219_446712215384479,https://www.facebook.com/71339054219/posts/446712215384479
71339054219_446740825347309,https://www.facebook.com/71339054219/posts/446740825347309
71339054219_447253115323148,https://www.facebook.com/71339054219/posts/447253115323148
71339054219_447285261954643,https://www.facebook.com/71339054219/posts/447285261954643
71339054219_447777365256350,https://www.facebook.com/71339054219/posts/447777365256350
71339054219_447797828584269,https://www.facebook.com/71339054219/posts/447797828584269
71339054219_449165641812574,https://www.facebook.com/71339054219/posts/449165641812574
71339054219_449658881713706,https://www.facebook.com/71339054219/posts/449658881713706
71339054219_449876005065959,https://www.facebook.com/71339054219/posts/449876005065959
71339054219_449996205034124,https://www.facebook.com/71339054219/posts/449996205034124
71339054219_450339408318902,https://www.facebook.com/71339054219/posts/450339408318902
71339054219_450572565015121,https://www.facebook.com/71339054219/posts/450572565015121
71339054219_450701288327383,https://www.facebook.com/71339054219/posts/450701288327383
71339054219_451326878223068,https://www.facebook.com/71339054219/posts/451326878223068
71339054219_451649428212946,https://www.facebook.com/71339054219/posts/451649428212946
71339054219_451935874838180,https://www.facebook.com/71339054219/posts/451935874838180
71339054219_452290258169593,https://www.facebook.com/71339054219/posts/452290258169593
71339054219_452708628079878,https://www.facebook.com/71339054219/posts/452708628079878
71339054219_452799228094479,https://www.facebook.com/71339054219/posts/452799228094479
71339054219_452915844721014,https://www.facebook.com/71339054219/posts/452915844721014
71339054219_453474138017383,https://www.facebook.com/71339054219/posts/453474138017383
71339054219_455003487865166,https://www.facebook.com/71339054219/posts/455003487865166
71339054219_455682217775387,https://www.facebook.com/71339054219/posts/455682217775387
71339054219_455733757812673,https://www.facebook.com/71339054219/posts/455733757812673
71339054219_455869121150013,https://www.facebook.com/71339054219/posts/455869121150013
71339054219_456072101088998,https://www.facebook.com/71339054219/posts/456072101088998
71339054219_456299404381156,https://www.facebook.com/71339054219/posts/456299404381156
71339054219_457099964335344,https://www.facebook.com/71339054219/posts/457099964335344
71339054219_457141131017744,https://www.facebook.com/71339054219/posts/457141131017744
71339054219_457142987632412,https://www.facebook.com/71339054219/posts/457142987632412
71339054219_458284394198294,https://www.facebook.com/71339054219/posts/458284394198294
71339054219_458481090836830,https://www.facebook.com/71339054219/posts/458481090836830
71339054219_458641264193005,https://www.facebook.com/71339054219/posts/458641264193005
71339054219_458733817472888,https://www.facebook.com/71339054219/posts/458733817472888
71339054219_458920674126764,https://www.facebook.com/71339054219/posts/458920674126764
71339054219_459226495366,https://www.facebook.com/71339054219/posts/459226495366
71339054219_459327357432309,https://www.facebook.com/71339054219/posts/459327357432309
71339054219_459599650750025,https://www.facebook.com/71339054219/posts/459599650750025
71339054219_460354183995047,https://www.facebook.com/71339054219/posts/460354183995047
71339054219_460815123936817,https://www.facebook.com/71339054219/posts/460815123936817
71339054219_460845865047,https://www.facebook.com/71339054219/posts/460845865047
71339054219_460885143946969,https://www.facebook.com/71339054219/posts/460885143946969
71339054219_460959097259730,https://www.facebook.com/71339054219/posts/460959097259730
71339054219_460976540589390,https://www.facebook.com/71339054219/posts/460976540589390
71339054219_461091267255163,https://www.facebook.com/71339054219/posts/461091267255163
71339054219_461329225261,https://www.facebook.com/71339054219/posts/461329225261
71339054219_461755247188043,https://www.facebook.com/71339054219/posts/461755247188043
71339054219_462147550495078,https://www.facebook.com/71339054219/posts/462147550495078
71339054219_462403907120776,https://www.facebook.com/71339054219/posts/462403907120776
71339054219_462835183756692,https://www.facebook.com/71339054219/posts/462835183756692
71339054219_463021793731104,https://www.facebook.com/71339054219/posts/463021793731104
71339054219_463055847049378,https://www.facebook.com/71339054219/posts/463055847049378
71339054219_464675250251534,https://www.facebook.com/71339054219/posts/464675250251534
71339054219_465232010162200,https://www.facebook.com/71339054219/posts/465232010162200
71339054219_465261243525551,https://www.facebook.com/71339054219/posts/465261243525551
71339054219_465407426837648,https://www.facebook.com/71339054219/posts/465407426837648
71339054219_465741916787152,https://www.facebook.com/71339054219/posts/465741916787152
71339054219_466017086763147,https://www.facebook.com/71339054219/posts/466017086763147
71339054219_469263926441291,https://www.facebook.com/71339054219/posts/469263926441291
71339054219_469655099711952,https://www.facebook.com/71339054219/posts/469655099711952
71339054219_469673023072787,https://www.facebook.com/71339054219/posts/469673023072787
71339054219_469959906355101,https://www.facebook.com/71339054219/posts/469959906355101
71339054219_470030026364556,https://www.facebook.com/71339054219/posts/470030026364556
71339054219_473690835230,https://www.facebook.com/71339054219/posts/473690835230
71339054219_473906062627574,https://www.facebook.com/71339054219/posts/473906062627574
71339054219_474071002605550,https://www.facebook.com/71339054219/posts/474071002605550
71339054219_474370112588333,https://www.facebook.com/71339054219/posts/474370112588333
71339054219_474884082528765,https://www.facebook.com/71339054219/posts/474884082528765
71339054219_475020035855414,https://www.facebook.com/71339054219/posts/475020035855414
71339054219_476942819002139,https://www.facebook.com/71339054219/posts/476942819002139
71339054219_477593505603713,https://www.facebook.com/71339054219/posts/477593505603713
71339054219_477784874219,https://www.facebook.com/71339054219/posts/477784874219
71339054219_478067200391,https://www.facebook.com/71339054219/posts/478067200391
71339054219_478190965539056,https://www.facebook.com/71339054219/posts/478190965539056
71339054219_479267275420556,https://www.facebook.com/71339054219/posts/479267275420556
71339054219_479281652105356,https://www.facebook.com/71339054219/posts/479281652105356
71339054219_479569562081700,https://www.facebook.com/71339054219/posts/479569562081700
71339054219_479755858717375,https://www.facebook.com/71339054219/posts/479755858717375
71339054219_480027128676218,https://www.facebook.com/71339054219/posts/480027128676218
71339054219_480599640421,https://www.facebook.com/71339054219/posts/480599640421
71339054219_480914109219,https://www.facebook.com/71339054219/posts/480914109219
71339054219_481416854219,https://www.facebook.com/71339054219/posts/481416854219
71339054219_481912218488094,https://www.facebook.com/71339054219/posts/481912218488094
71339054219_484191778264669,https://www.facebook.com/71339054219/posts/484191778264669
71339054219_484422894219,https://www.facebook.com/71339054219/posts/484422894219
71339054219_484546638237558,https://www.facebook.com/71339054219/posts/484546638237558
71339054219_485087248175417,https://www.facebook.com/71339054219/posts/485087248175417
71339054219_485491664219,https://www.facebook.com/71339054219/posts/485491664219
71339054219_485532449219,https://www.facebook.com/71339054219/posts/485532449219
71339054219_485788105331,https://www.facebook.com/71339054219/posts/485788105331
71339054219_485999154746335,https://www.facebook.com/71339054219/posts/485999154746335
71339054219_486367724219,https://www.facebook.com/71339054219/posts/486367724219
71339054219_486670524713612,https://www.facebook.com/71339054219/posts/486670524713612
71339054219_487086471302231,https://www.facebook.com/71339054219/posts/487086471302231
71339054219_487930921233482,https://www.facebook.com/71339054219/posts/487930921233482
71339054219_489510731060552,https://www.facebook.com/71339054219/posts/489510731060552
71339054219_489859897708944,https://www.facebook.com/71339054219/posts/489859897708944
71339054219_490076261012548,https://www.facebook.com/71339054219/posts/490076261012548
71339054219_492476144116967,https://www.facebook.com/71339054219/posts/492476144116967
71339054219_493067990724585,https://www.facebook.com/71339054219/posts/493067990724585
71339054219_493590630658913,https://www.facebook.com/71339054219/posts/493590630658913
71339054219_495873180452747,https://www.facebook.com/71339054219/posts/495873180452747
71339054219_497396960272203,https://www.facebook.com/71339054219/posts/497396960272203
71339054219_497662036911489,https://www.facebook.com/71339054219/posts/497662036911489
71339054219_498634500157781,https://www.facebook.com/71339054219/posts/498634500157781
71339054219_499599890056244,https://www.facebook.com/71339054219/posts/499599890056244
71339054219_499634776713199,https://www.facebook.com/71339054219/posts/499634776713199
71339054219_500154480046147,https://www.facebook.com/71339054219/posts/500154480046147
71339054219_500338453331241,https://www.facebook.com/71339054219/posts/500338453331241
71339054219_501192926614207,https://www.facebook.com/71339054219/posts/501192926614207
71339054219_501555199877629,https://www.facebook.com/71339054219/posts/501555199877629
71339054219_501779279833676,https://www.facebook.com/71339054219/posts/501779279833676
71339054219_502227919792510,https://www.facebook.com/71339054219/posts/502227919792510
71339054219_504355219598004,https://www.facebook.com/71339054219/posts/504355219598004
71339054219_506464422702497,https://www.facebook.com/71339054219/posts/506464422702497
71339054219_511954845485688,https://www.facebook.com/71339054219/posts/511954845485688
71339054219_513923595288962,https://www.facebook.com/71339054219/posts/513923595288962
71339054219_515593358474197,https://www.facebook.com/71339054219/posts/515593358474197
71339054219_516374781722696,https://www.facebook.com/71339054219/posts/516374781722696
71339054219_517563631593153,https://www.facebook.com/71339054219/posts/517563631593153
71339054219_519986968016479,https://www.facebook.com/71339054219/posts/519986968016479
71339054219_520405451303915,https://www.facebook.com/71339054219/posts/520405451303915
71339054219_521266221223770,https://www.facebook.com/71339054219/posts/521266221223770
71339054219_523430444341375,https://www.facebook.com/71339054219/posts/523430444341375
71339054219_524111827617740,https://www.facebook.com/71339054219/posts/524111827617740
71339054219_530063427040209,https://www.facebook.com/71339054219/posts/530063427040209
71339054219_530193713667136,https://www.facebook.com/71339054219/posts/530193713667136
71339054219_533653703316052,https://www.facebook.com/71339054219/posts/533653703316052
71339054219_536904316336994,https://www.facebook.com/71339054219/posts/536904316336994
71339054219_549967618352729,https://www.facebook.com/71339054219/posts/549967618352729
71339054219_551802981518296,https://www.facebook.com/71339054219/posts/551802981518296
71339054219_554401327907185,https://www.facebook.com/71339054219/posts/554401327907185
71339054219_556312024409798,https://www.facebook.com/71339054219/posts/556312024409798
71339054219_558597814167206,https://www.facebook.com/71339054219/posts/558597814167206
71339054219_561912657169106,https://www.facebook.com/71339054219/posts/561912657169106
71339054219_570827099599239,https://www.facebook.com/71339054219/posts/570827099599239
71339054219_573936529291448,https://www.facebook.com/71339054219/posts/573936529291448
71339054219_578446112244400,https://www.facebook.com/71339054219/posts/578446112244400
71339054219_582253828530295,https://www.facebook.com/71339054219/posts/582253828530295
71339054219_582581761830835,https://www.facebook.com/71339054219/posts/582581761830835
71339054219_582936221795389,https://www.facebook.com/71339054219/posts/582936221795389
71339054219_584439248311753,https://www.facebook.com/71339054219/posts/584439248311753
71339054219_585177518237926,https://www.facebook.com/71339054219/posts/585177518237926
71339054219_585777604844584,https://www.facebook.com/71339054219/posts/585777604844584
71339054219_587763344646010,https://www.facebook.com/71339054219/posts/587763344646010
71339054219_588850041204007,https://www.facebook.com/71339054219/posts/588850041204007
71339054219_592897954132549,https://www.facebook.com/71339054219/posts/592897954132549
71339054219_593562060660567,https://www.facebook.com/71339054219/posts/593562060660567
71339054219_593572324065112,https://www.facebook.com/71339054219/posts/593572324065112
71339054219_593669140722097,https://www.facebook.com/71339054219/posts/593669140722097
71339054219_594112364011108,https://www.facebook.com/71339054219/posts/594112364011108
71339054219_596537343768610,https://www.facebook.com/71339054219/posts/596537343768610
71339054219_597659633656381,https://www.facebook.com/71339054219/posts/597659633656381
71339054219_598143040274707,https://www.facebook.com/71339054219/posts/598143040274707
71339054219_599867136768964,https://www.facebook.com/71339054219/posts/599867136768964
71339054219_600517530037258,https://www.facebook.com/71339054219/posts/600517530037258
71339054219_600810520007959,https://www.facebook.com/71339054219/posts/600810520007959
71339054219_602349206520757,https://www.facebook.com/71339054219/posts/602349206520757
71339054219_602945723054659,https://www.facebook.com/71339054219/posts/602945723054659
71339054219_603308093091535,https://www.facebook.com/71339054219/posts/603308093091535
71339054219_603802682981179,https://www.facebook.com/71339054219/posts/603802682981179
71339054219_603836686372009,https://www.facebook.com/71339054219/posts/603836686372009
71339054219_604235529665458,https://www.facebook.com/71339054219/posts/604235529665458
71339054219_605203359568675,https://www.facebook.com/71339054219/posts/605203359568675
71339054219_607213956034282,https://www.facebook.com/71339054219/posts/607213956034282
71339054219_607649652657379,https://www.facebook.com/71339054219/posts/607649652657379
71339054219_608565222565822,https://www.facebook.com/71339054219/posts/608565222565822
71339054219_608580522564292,https://www.facebook.com/71339054219/posts/608580522564292
71339054219_608633405892337,https://www.facebook.com/71339054219/posts/608633405892337
71339054219_609064655849212,https://www.facebook.com/71339054219/posts/609064655849212
71339054219_612125832209761,https://www.facebook.com/71339054219/posts/612125832209761
71339054219_613635078725503,https://www.facebook.com/71339054219/posts/613635078725503
71339054219_613637295391948,https://www.facebook.com/71339054219/posts/613637295391948
71339054219_613647448724266,https://www.facebook.com/71339054219/posts/613647448724266
71339054219_613648095390868,https://www.facebook.com/71339054219/posts/613648095390868
71339054219_613659218723089,https://www.facebook.com/71339054219/posts/613659218723089
71339054219_613662162056128,https://www.facebook.com/71339054219/posts/613662162056128
71339054219_613705032051841,https://www.facebook.com/71339054219/posts/613705032051841
71339054219_618029808286030,https://www.facebook.com/71339054219/posts/618029808286030
71339054219_625349464158316,https://www.facebook.com/71339054219/posts/625349464158316
71339054219_634366963245521,https://www.facebook.com/71339054219/posts/634366963245521
